Sample_ID,ID,Falcon_Tube,Resistance,Sample_Period,Homogenization_Date,tag,Location,Region,depth_ft,firstvisit_date,length,width,height,periods_visited,periods_treated,treat_type,total_treatments,Sample_date,Sample_time,DiseaseStatus,CoreAngle,CoreLocation,CoreHeading,CoreDepth,Notes,Sample_ID,RNA_Ext_Coordinate,Order_RNA,qPCR_Coordinate,Order_qPCR,RNA_Original_concentration,RNA_Dilution_concentration,Cq,Plate_Number
58_617,617,58,Some,1,21/06/2022,617,Looe,NA,30,3/26/19,344,320,302,8,NA,Amox,3,6/12/21,12:35,A,Vertical,MS,SW,18,58,58_617,NA,NA,NA,NA,NA,NA,NA,NA
220_617,617,220,Some,2,21/07/2022,617,Looe,NA,30,3/26/19,344,320,302,8,NA,Amox,3,9/15/21,14:28,P,Vertical,MS,SW,18,220_TS_Keys_2,220_617,G9,81,G9,81,8,4,18,TP2
277_617,617,277,Some,3,18/07/2022,617,Looe,NA,30,3/26/19,344,320,302,8,NA,Amox,3,3/1/22,15:36,P,Vertical,MS,SW,18,NA,277_617,D2,38,D2,38,18,8,19,TP3
48_663,663,48,Some,1,21/07/2022,663,Looe,NA,28,3/31/19,510,390,260,10,NA,Amox,2,6/12/21,12:49,P,Flat,Top,S,23,48,48_663,A10,10,D2,38,21,8,26,TP1
224_663,663,224,Some,2,20/07/2022,663,Looe,NA,28,3/31/19,510,390,260,10,NA,Amox,2,9/15/21,14:15,P,Flat,Top,S,23,224_TS_Keys_2,224_663,H3,87,H3,87,5,4,18,TP2
282_663,663,282,Some,3,18/07/2022,663,Looe,NA,28,3/31/19,510,390,260,10,NA,Amox,2,3/1/22,15:13,A,Flat,Top,S,23,NA,282_663,D8,44,D8,44,28,8,Undetermined,TP3
43_675,675,43,Low,1,21/07/2022,675,Looe,NA,15,4/1/19,312,258,220,8,NA,Amox,50,6/12/21,13:17,PC,Vertical,MS,W,14,43,43_675,A8,8,D8,44,17,8,Undetermined,TP1
220_675,675,220,Low,2,21/07/2022,675,Looe,NA,15,4/1/19,312,258,220,8,NA,Amox,50,9/15/21,12:27,P,Vertical,MS,W,14,220_TS_Keys_2,220_675,G10,82,G10,82,4,4,19,TP2
272_675,675,272,Low,3,18/07/2022,675,Looe,NA,15,4/1/19,312,258,220,8,NA,Amox,50,3/1/22,13:00,A,Vertical,MS,W,14,NA,272_675,C12,36,C12,36,27,8,18,TP3
63_679,679,63,Low,1,21/06/2022,679,Looe,NA,25,4/1/19,290,252,253,10,NA,Amox,26,6/12/21,13:32,P,Vertical,MS,NE,23,63,63_679,NA,NA,NA,NA,NA,NA,NA,NA
228_679,679,228,Low,2,20/07/2022,679,Looe,NA,25,4/1/19,290,252,253,10,NA,Amox,26,9/15/21,13:01,P,Vertical,MS,NE,23,228_TS_Keys_2,228_679,H6,90,H6,90,5,4,18,TP2
277_679,679,277,Low,3,18/07/2022,679,Looe,NA,25,4/2/19,290,252,253,10,NA,Amox,26,3/1/22,13:23,P,Vertical,MS,NE,23,NA,277_679,D4,40,D4,40,18,8,20,TP3
3_689,689,3,Low,1,18/07/2022,689,Looe,NA,22,4/1/19,355,280,282,10,NA,Amox,48,6/12/21,NA,P,Vertical,MS,SW,18,3,3_689,A2,2,D12,48,10,8,26,TP1
204_689,689,204,Low,2,20/07/2022,689,Looe,NA,22,4/1/19,355,280,282,10,NA,Amox,48,9/15/21,13:36,P,Vertical,MS,SW,18,204_TS_Keys_2,204_689,F7,67,F7,67,4,4,18,TP2
282_689,689,282,Low,3,18/07/2022,689,Looe,NA,22,4/2/19,355,280,282,10,NA,Amox,48,3/1/22,14:58,P,Vertical,MS,SW,18,NA,282_689,D5,41,D5,41,15,8,21,TP3
53_693,693,53,Low,1,21/07/2022,693,Looe,NA,25,4/2/19,318,280,240,10,NA,Amox,35,6/12/21,14:42,P,Angle,T,NW,19,53,53_693,E11,59,E5,53,18,8,25,TP1
216_693,693,216,Low,2,21/07/2022,693,Looe,NA,25,4/2/19,318,280,240,10,NA,Amox,35,9/15/21,13:48,A,Angle,T,NW,19,216_TS_Keys_2,216_693,G5,77,G5,77,11,4,19,TP2
287_693,693,287,Low,3,18/07/2022,693,Looe,NA,25,4/2/19,318,280,240,10,NA,Amox,35,3/1/22,14:24,A,Anglr,MS,N,22,NA,287_693,H5,89,H5,89,23,8,19,TP3
28_695,695,28,Low,1,15/07/2022,695,Looe,NA,26,4/2/19,540,395,348,9,NA,Amox,50,6/12/21,14:30,P,Angle ,MS,SW,24,28,28_695,F11,71,D5,41,18,8,26,TP1
220_695,695,220,Low,2,21/07/2022,695,Looe,NA,26,4/2/19,540,395,348,9,NA,Amox,50,9/15/21,14:03,P,Angle ,MS,SW,24,220_TS_Keys_2,220_695,G11,83,G11,83,8,4,19,TP2
282_695,695,282,Low,3,18/07/2022,695,Looe,NA,26,4/2/19,540,395,348,9,NA,Amox,50,3/1/22,14:46,A,Angle ,MS,SW,24,NA,282_695,D7,43,D7,43,12,8,18,TP3
8_699,699,8,Some,1,15/07/2022,699,Looe,NA,11,4/2/19,110,95,118,6,NA,Amox,1,6/12/21,NA,P,Flat,T,NE,11,8,8_699,F2,62,E7,55,14,8,25,TP1
212_699,699,212,Some,2,20/07/2022,699,Looe,NA,11,4/2/19,110,95,118,6,NA,Amox,1,9/15/21,11:55,A,Flat,T,NE,11,212_TS_Keys_2,212_699,G1,73,G1,73,4,4,17,TP2
277_699,699,277,Some,3,18/07/2022,699,Looe,NA,11,4/2/19,110,95,118,6,NA,Amox,1,3/1/22,12:37,P,Angle,US,NE,11,NA,277_699,D3,39,D3,39,31,8,18,TP3
13_713,713,13,Some,1,15/07/2022,713,Looe,NA,15,4/10/19,123,107,145,11,NA,Amox,2,6/12/21,15:13,A,Flat,MS,E,12,13,13_713,F5,65,D6,42,NA,8,26,TP1
208_713,713,208,Some,2,20/07/2022,713,Looe,NA,15,4/10/19,123,107,145,11,NA,Amox,2,9/15/21,11:08,A,Flat,MS,E,12,208_TS_Keys_2,208_713,F9,69,F9,69,13,4,18,TP2
267_713,713,267,Some,3,18/07/2022,713,Looe,NA,15,4/10/19,123,107,145,11,NA,Amox,2,3/1/22,12:08,A,Flat,MS,E,12,NA,267_713,C7,31,C7,31,13,8,17,TP3
33_719,719,33,Low,1,15/07/2022,719,Looe,NA,28,4/10/19,238,210,205,11,NA,Amox,20,6/12/21,11:13,PC,Angle,T,SE,22,33,33_719,G3,75,E9,57,14,8,26,TP1
224_719,719,224,Low,2,20/07/2022,719,Looe,NA,28,4/10/19,238,210,205,11,NA,Amox,20,9/15/21,14:46,P,Angle,T,SE,22,224_TS_Keys_2,224_719,H4,88,H4,88,2,4,18,TP2
247_719,719,247,Low,3,18/07/2022,719,Looe,NA,28,4/10/19,238,210,205,11,NA,Amox,20,3/1/22,10:27,A,Angle,T,SE,22,NA,247_719,B4,16,B4,16,30,8,19,TP3
8_741,741,8,Low,1,15/07/2022,741,Looe,NA,24,4/11/19,185,155,178,10,NA,Amox,22,6/12/21,10:46,PC,Flat,T,S,20,8,8_741,F3,63,F10,70,24,8,26,TP1
212_741,741,212,Low,2,20/07/2022,741,Looe,NA,24,4/11/19,185,155,178,10,NA,Amox,22,9/15/21,10:12,P,Flat,T,S,20,212_TS_Keys_2,212_741,G3,75,G3,75,7,4,18,TP2
257_741,741,257,Low,3,18/07/2022,741,Looe,NA,24,4/11/19,185,155,178,10,NA,Amox,22,3/1/22,10:11,P,Flat,T,S,20,NA,257_741,B11,23,B11,23,32,8,17,TP3
48_753,753,48,Low,1,21/07/2022,753,Looe,NA,19,4/11/19,213,170,148,9,NA,Amox,12,6/12/21,10:25,P,Flat,T,W,17,48,48_753,A11,11,C7,31,24,8,26,TP1
212_753,753,212,Low,2,20/07/2022,753,Looe,NA,19,4/11/19,213,170,148,9,NA,Amox,12,9/15/21,10:45,P,Flat,T,W,17,212_TS_Keys_2,212_753,G4,76,G4,76,11,4,18,TP2
267_753,753,267,Low,3,18/07/2022,753,Looe,NA,19,4/11/19,213,170,148,9,NA,Amox,12,3/1/22,11:03,P,Flat,T,W,17,NA,267_753,C5,29,C5,29,17,8,20,TP3
53_765,765,53,Some,1,21/07/2022,765,Looe,NA,23,4/17/19,228,125,178,10,NA,Amox,11,6/12/21,10:56,A,Vertical,MS,SW,21,53,53_765,E9,57,B12,24,23,8,Undetermined,TP1
204_765,765,204,Some,2,20/07/2022,765,Looe,NA,23,4/17/19,228,125,178,10,NA,Amox,11,9/15/21,10:02,A,Vertical,MS,SW,21,204_TS_Keys_2,204_765,F5,65,F5,65,5,4,19,TP2
242_765,765,242,Some,3,18/07/2022,765,Looe,NA,23,4/17/19,228,125,178,10,NA,Amox,11,3/1/22,10:03,A,Vertical,MS,SW,21,NA,242_765,A12,12,A12,12,25,8,13,TP3
38_1004,1004,38,Some,1,15/07/2022,1004,Sand,NA,28,10/10/19,65,53,78,10,NA,Placebo_2b,12,6/13/21,12:35,A,Vertical,US,W,29,38,38_1004,G6,78,F3,63,9,8,27,TP1
196_1004,1004,196,Some,2,21/07/2022,1004,Sand,NA,28,10/10/19,NA,65,78,10,NA,Placebo_2b,12,9/14/21,13:49,A,Vertical,US,SW,29,196_TS_Keys_2,196_1004,E9,57,E9,57,3,4,19,TP2
232_1004,1004,232,Some,3,18/07/2022,1004,Sand,NA,28,10/10/19,NA,65,78,10,NA,Placebo_2b,12,2/28/22,11:16,P,Vertical,MS,SW,29,"broken sample, 2 pieces",232_1004,A3,3,A3,3,20,8,21,TP3
63_1220,1220,63,Some,1,21/06/2022,1220,Looe,NA,20,12/7/19,220,150,188,7,NA,Amox,1,6/12/21,11:42,A,Vertical,MS,E,19,63,63_1220,NA,NA,NA,NA,NA,NA,NA,NA
224_1220,1220,224,Some,2,20/07/2022,1220,Looe,NA,20,12/7/19,220,150,188,7,NA,Amox,1,9/15/21,15:08,A,Vertical,MS,E,19,224_TS_Keys_2,224_1220,H1,85,H1,85,6,4,18,TP2
262_1220,1220,262,Some,3,18/07/2022,1220,Looe,NA,20,12/7/19,220,150,188,7,NA,Amox,1,3/1/22,10:47,A,Vertical,MS,E,19,NA,262_1220,C3,27,C3,27,15,8,21,TP3
18_1280,1280,18,Low,1,18/07/2022,1280,Sand,NA,25,1/2/20,288,115,208,8,NA,Amoxicillin,90,6/13/21,11:31,P,Vertical,LS,SW,25,18,18_1280,A5,5,C5,29,26,8,25,TP1
192_1280,1280,192,Low,2,20/07/2022,1280,Sand,NA,25,1/2/20,NA,288,208,8,NA,Amoxicillin,90,9/14/21,14:25,P,Vertical,LS,SW,25,192_TS_Keys_2,192_1280,E8,56,E8,56,6,4,18,TP2
247_1280,1280,247,Low,3,18/07/2022,1280,Sand,NA,25,1/2/20,NA,288,208,8,NA,Amoxicillin,90,2/28/22,11:05,A,Vertical,LS,SW,25,NA,247_1280,B2,14,B2,14,24,8,Undetermined,TP3
23_1332,1332,23,Low,1,15/07/2022,1332,Sand,NA,22,2/14/20,100,95,76,6,NA,Amoxicillin,31,6/13/21,15:43,P,Vertical,MS,W,21,23,23_1332,F8,68,A1,1,12,8,24,TP1
204_1332,1332,204,Low,2,20/07/2022,1332,Sand,NA,22,2/14/20,NA,100,76,6,NA,Amoxicillin,31,9/14/21,14:49,A,Vertical,MS,W,21,204_TS_Keys_2,204_1332,F6,66,F6,66,8,4,18,TP2
237_1332,1332,237,Low,3,18/07/2022,1332,Sand,NA,22,2/14/20,NA,100,76,6,NA,Amoxicillin,31,2/28/22,14:23,A,Vertical,MS,W,21,NA,237_1332,A5,5,A5,5,16,8,21,TP3
18_1340,1340,18,Some,1,18/07/2022,1340,Sand,NA,29,2/14/20,163,131,139,7,NA,Amoxicillin,26,6/13/21,15:33,P,Vertical,MS,NE,27,18,18_1340,A6,6,E8,56,10,8,26,TP1
204_1340,1340,204,Some,2,20/07/2022,1340,Sand,NA,29,2/14/20,NA,163,139,7,NA,Amoxicillin,26,9/14/21,14:38,P,Vertical,MS,NE,27,204_TS_Keys_2,204_1340,F8,68,F8,68,12,4,18,TP2
257_1340,1340,257,Some,3,18/07/2022,1340,Sand,NA,29,2/14/20,NA,163,139,7,NA,Amoxicillin,26,2/28/22,14:13,P,Vertical,MS,NE,27,NA,257_1340,B9,21,B9,21,10,8,19,TP3
33_1452,1452,33,Low,1,15/07/2022,1452,Sand,NA,23,10/9/19,578,520,392,10,NA,SK_Exp_B,746,6/13/21,11:02,P,Angle ,US,SW,15,33,33_1452,G1,73,C2,26,19,8,26,TP1
196_1452,1452,196,Low,2,21/07/2022,1452,Sand,NA,23,10/9/19,NA,300,260,10,NA,SK_Exp_B,746,9/14/21,12:32,P,Angle ,US,SW,15,196_TS_Keys_2,196_1452,E12,60,E12,60,11,4,17,TP2
247_1452,1452,247,Low,3,18/07/2022,1452,Sand,NA,23,10/9/19,NA,300,260,10,NA,SK_Exp_B,746,2/28/22,10:48,P,Angle,US,SW,15,NA,247_1452,B3,15,B3,15,36,8,18,TP3
33_1455,1455,33,Some,1,15/07/2022,1455,Sand,NA,25,10/9/19,107,65,78,10,NA,SK_Exp_B,20,6/13/21,14:32,P,Vertical,MS,NW,25,33,33_1455,G2,74,F11,71,23,8,25,TP1
184_1455,1455,184,Some,2,20/07/2022,1455,Sand,NA,25,10/9/19,NA,100,70,10,NA,SK_Exp_B,20,9/14/21,10:45,A,Angle ,MS,NW,24,184_TS_Keys_2,184_1455,D9,45,D9,45,12,4,19,TP2
247_1455,1455,247,Some,3,18/07/2022,1455,Sand,NA,25,10/9/19,NA,100,70,10,NA,SK_Exp_B,20,2/28/22,10:30,A,Angle,US,W,24,NA,247_1455,B1,13,B1,13,10,8,23,TP3
48_1463,1463,48,Low,1,21/07/2022,1463,Sand,NA,24,10/9/19,505,440,330,10,NA,SK_Exp_D,696,6/13/21,10:48,P,Angle ,US,SW,17,48,48_1463,A12,12,B10,22,24,8,26,TP1
184_1463,1463,184,Low,2,20/07/2022,1463,Sand,NA,24,10/9/19,NA,505,330,10,NA,SK_Exp_D,696,9/14/21,11:48,P,Angle ,US,SW,17,184_TS_Keys_2,184_1463,D12,48,D12,48,7,4,17,TP2
232_1463,1463,232,Low,3,18/07/2022,1463,Sand,NA,24,10/9/19,NA,505,330,10,NA,SK_Exp_D,696,2/28/22,10:41,A,Vertical,US,SW,17,NA,232_1463,A1,1,A1,1,20,8,20,TP3
23_1470,1470,23,Some,1,15/07/2022,1470,Sand,NA,34,10/10/19,52,46,41,8,NA,SK_Exp_D,6,6/13/21,15:11,A,Vertical,MS,S,33,"23, mucus",23_1470,F7,67,A4,4,18,8,26,TP1
196_1470,1470,196,Some,2,21/07/2022,1470,Sand,NA,34,10/10/19,NA,52,41,8,NA,SK_Exp_D,6,9/14/21,13:34,A,NEED FRAMER PHOTOS FROM Set 2,NA,NA,NA,196_TS_Keys_2,196_1470,E11,59,E11,59,11,4,20,TP2
267_1470,1470,267,Some,3,18/07/2022,1470,Sand,NA,34,10/10/19,NA,52,41,8,NA,SK_Exp_D,6,2/28/22,13:58,A,Vertical,BS,S,33,NA,267_1470,C6,30,C6,30,8,8,20,TP3
73_3342,3342,73,Some,1,21/06/2022,3342,Sand,NA,24,2/14/20,170,108,160,7,NA,Amoxicillin,27,6/13/21,10:32,P,Flat,LS,NW,25,73,73_3342,NA,NA,NA,NA,NA,NA,NA,NA
192_3342,3342,192,Some,2,20/07/2022,3342,Sand,NA,NA,2/14/20,NA,155,158,7,NA,Amoxicillin,27,9/14/21,12:57,A,Vertical,LS,NW,25,192_TS_Keys_2,192_3342,E5,53,E5,53,8,4,18,TP2
252_3342,3342,252,Some,3,18/07/2022,3342,Sand,NA,NA,2/14/20,NA,155,158,7,NA,Amoxicillin,27,2/28/22,12:15,A,Vertical,LS,NW,25,NA,252_3342,B5,17,B5,17,13,8,21,TP3
28_3343,3343,28,Low,1,15/07/2022,3343,Sand,NA,23,2/14/20,99,90,90,7,NA,Amoxicillin,90,6/13/21,11:19,P,?,?,?,?,28,28_3343,F12,72,E11,59,31,8,24,TP1
188_3343,3343,188,Low,2,20/07/2022,3343,Sand,NA,NA,2/14/20,NA,99,90,7,NA,Amoxicillin,90,9/14/21,11:38,P,Vertical,US,N,19,188_TS_Keys_2,188_3343,E4,52,E4,52,5,4,18,TP2
237_3343,3343,237,Low,3,18/07/2022,3343,Sand,NA,NA,2/14/20,NA,99,90,7,NA,Amoxicillin,90,2/28/22,10:12,A,Vertical,US,N,19,NA,237_3343,A6,6,A6,6,13,8,19,TP3
58_3420,3420,58,Some,1,21/06/2022,3420,Sand,NA,23,4/2/20,68,48,68,6,NA,Amoxicillin,2,6/13/21,13:25,A,Angle ,US,N,21,58,58_3420,NA,NA,NA,NA,NA,NA,NA,NA
192_3420,3420,192,Some,2,20/07/2022,3420,Sand,NA,NA,4/2/20,NA,68,68,6,NA,Amoxicillin,2,9/14/21,11:01,A,Vertical,US,N,21,192_TS_Keys_2,192_3420,E6,54,E6,54,6,4,19,TP2
242_3420,3420,242,Some,3,18/07/2022,3420,Sand,NA,NA,4/2/20,NA,68,68,6,NA,Amoxicillin,2,2/28/22,12:30,A,Vertical,US,N,21,NA,242_3420,A11,11,A11,11,20,8,20,TP3
43_3421,3421,43,Some,1,21/07/2022,3421,Looe,NA,25,3/13/20,218,185,184,6,NA,Amox,4,6/12/21,11:32,PC,Vertical,MS,W,21,43,43_3421,A9,9,B6,18,18,8,26,TP1
220_3421,3421,220,Some,2,21/07/2022,3421,Looe,NA,25,3/13/20,218,185,184,6,NA,Amox,4,9/15/21,14:57,P,Vertical,MS,W,21,220_TS_Keys_2,220_3421,G12,84,G12,84,9,4,26,TP2
257_3421,3421,257,Some,3,18/07/2022,3421,Looe,NA,25,3/13/20,218,185,184,6,NA,Amox,4,3/1/22,10:34,P,Angle,LS,NE,23,NA,257_3421,B12,24,B12,24,35,8,18,TP3
73_3446,3446,73,Some,1,21/06/2022,3446,Looe,NA,24,3/25/20,65,61,68,6,NA,Amox,2,6/12/21,13:02,A,Flat,T,S,22,73,73_3446,NA,NA,NA,NA,NA,NA,NA,NA
216_3446,3446,216,Some,2,21/07/2022,3446,Looe,NA,24,3/25/20,65,61,68,6,NA,Amox,2,9/15/21,13:19,A,Flat,T,S,22,216_TS_Keys_2,216_3446,G6,78,G6,78,15,4,17,TP2
272_3446,3446,272,Some,3,18/07/2022,3446,Looe,NA,24,3/25/20,65,61,68,6,NA,Amox,2,3/1/22,13:13,A,Angle,US,SW,22,NA,272_3446,C9,33,C9,33,20,8,18,TP3
68_4360,4360,68,Low,1,21/06/2022,4360,Sand,NA,23,6/10/20,212,170,173,5,NA,Amoxicillin,58,6/13/21,16:00,P,Vertical,LS,SW,24,68,68_4360,NA,NA,NA,NA,NA,NA,NA,NA
200_4360,4360,200,Low,2,21/07/2022,4360,Sand,NA,NA,6/10/20,NA,212,173,5,NA,Amoxicillin,58,9/14/21,15:03,P,Vertical,LS,SW,24,200_TS_Keys_2,200_4360,F3,63,F3,63,8,4,18,TP2
252_4360,4360,252,Low,3,18/07/2022,4360,Sand,NA,NA,6/10/20,NA,212,173,5,NA,Amoxicillin,58,2/28/22,14:35,A,Vertical,MS,SE,21,NA,252_4360,B7,19,B7,19,28,8,19,TP3
3_4503,4503,3,Some,1,18/07/2022,4503,Sand,NA,20,6/10/20,90,77,65,5,NA,Amoxicillin,1,6/13/21,14:03,A,Angle ,US,NE,19,3,3_4503,A1,1,B8,20,19,8,26,TP1
188_4503,4503,188,Some,2,20/07/2022,4503,Sand,NA,NA,6/10/20,NA,90,65,5,NA,Amoxicillin,1,9/14/21,11:19,A,Angle ,US,NE,19,188_TS_Keys_2,188_4503,E1,49,E1,49,4,4,17,TP2
252_4503,4503,252,Some,3,18/07/2022,4503,Sand,NA,NA,6/10/20,NA,90,65,5,NA,Amoxicillin,1,2/28/22,12:46,A,Angle ,US,NE,19,NA,252_4503,B6,18,B6,18,28,8,18,TP3
3_4616,4616,3,Low,1,18/07/2022,4616,Sand,NA,28,8/11/20,150,145,138,4,NA,Amoxicillin,62,6/13/21,13:00,P,NEED TO FIND,NA,NA,NA,3,3_4616,A3,3,F7,67,12,8,26,TP1
200_4616,4616,200,Low,2,21/07/2022,4616,Sand,NA,NA,8/11/20,NA,100,60,4,NA,Amoxicillin,62,9/14/21,13:13,P,NEED TO FIND,NA,NA,NA,200_TS_Keys_2,200_4616,F4,64,F4,64,4,4,18,TP2
252_4616,4616,252,Low,3,18/07/2022,4616,Sand,NA,NA,8/11/20,NA,100,60,4,NA,Amoxicillin,62,2/28/22,12:57,A,Vertical,MS,NE,28,NA,252_4616,B8,20,B8,20,16,8,19,TP3
78_LC003,LC003,78,Some,1,21/07/2022,1703,ECA,North,18,6/25/18,310,220,150,34,2,Epox,8,5/28/21,10:46,A,Angle ,MS,SW,17,78,78_LC003,B1,13,F1,61,21,8,25,TP1
168_LC003,LC003,168,Some,2,21/07/2022,LC-003,ECA,NA,18,6/25/18,310,220,150,34,2,Epox,8,8/19/21,10:18,A,NA,NA,NA,NA,168_TS_Broward_2,168_LC003,C9,33,C9,33,8,4,18,TP2
337_LC003,LC003,337,Some,3,27/07/2022,LC-003,ECA,NA,18,6/25/18,310,220,150,34,2,Epox,8,3/19/22,9:37,A,Angle,US,SW,16,NA,337_LC003,G10,82,G10,82,21,8,17,TP3
88_LC005,LC005,88,Low,1,21/07/2022,2105,ECA,North,23,9/13/18,280,265,130,31,4,Both,8,5/28/21,13:56,A,Angle ,T/US,SW,20,88,88_LC005,B9,21,A10,10,19,8,25,TP1
172_LC005,LC005,172,Low,2,21/07/2022,LC-005,ECA,NA,23,9/13/18,280,265,130,31,4,Both,8,8/19/21,13:22,A,NA,NA,NA,NA,172_TS_Broward_2,172_LC005,D1,37,D1,37,4,4,16,TP2
342_LC005,LC005,342,Low,3,27/07/2022,LC-005,ECA,NA,23,9/13/18,280,265,130,31,4,Both,8,3/19/22,13:18,A,Angle,US,SW,20,NA,342_LC005,H1,85,H1,85,13,8,19,TP3
108_LC007,LC007,108,Some,1,21/07/2022,2907,ECA,Middle,25,9/11/18,320,305,150,31,1,Amox,2,6/17/21,16:32,A,Angle ,LS,SE,23,108,108_LC007,D1,37,C9,33,22,8,26,TP1
156_LC007,LC007,156,Some,2,21/07/2022,LC-007,ECA,NA,25,9/11/18,320,305,150,31,1,Amox,2,8/20/21,15:10,A,NA,NA,NA,NA,156_TS_Broward_2,156_LC007,B9,21,B9,21,6,4,18,TP2
302_LC007,LC007,302,Some,3,27/07/2022,LC-007,ECA,NA,25,9/11/18,320,305,150,31,1,Amox,2,3/17/22,14:49,A,Angle,LS,SE,23,NA,302_LC007,E6,54,E6,54,22,8,18,TP3
113_LC013,LC013,113,Low,1,21/07/2022,1813,ECA,Middle,26,9/11/18,360,300,180,30,3,Both,7,6/17/21,15:44,A,Angle ,LS,N,25,113,113_LC013,D5,41,D11,47,17,8,25,TP1
160_LC013,LC013,160,Low,2,21/07/2022,LC-013,ECA,NA,26,9/11/18,360,300,180,30,3,Both,7,8/20/21,14:32,A,NA,NA,NA,NA,160_TS_Broward_2,160_LC013,C1,25,C1,25,11,4,18,TP2
297_LC013,LC013,297,Low,3,27/07/2022,LC-013,ECA,NA,26,9/11/18,360,300,180,30,3,Both,7,3/17/22,14:00,A,Angle,LS,N,25,NA,297_LC013,E3,51,E3,51,24,8,Undetermined,TP3
113_LC016,LC016,113,Low,1,21/07/2022,1796,ECA,Middle,19,7/17/18,340,300,200,33,3,Epox,4,6/17/21,14:26,A,Angle ,MS,N,18,113,113_LC016,D6,42,E10,58,15,8,25,TP1
164_LC016,LC016,164,Low,2,21/07/2022,LC-016,ECA,NA,19,7/17/18,340,300,200,33,3,Epox,4,8/20/21,12:47,A,NA,NA,NA,NA,164_TS_Broward_2,164_LC016,C5,29,C5,29,5,4,19,TP2
322_LC016,LC016,322,Low,3,27/07/2022,LC-016,ECA,NA,19,7/17/18,340,300,200,33,3,Epox,4,3/17/22,12:57,A,Vertical,MS,NW,18,NA,322_LC016,F9,69,F9,69,22,8,Undetermined,TP3
118_LC018,LC018,118,Some,1,28/06/2022,2818,ECA,Middle,21,6/8/18,400,330,190,34,2,Epox,9,6/17/21,13:47,A,Angle ,LS/B,S,21,118,118_LC018,D9,45,A12,12,24,8,25,TP1
156_LC018,LC018,156,Some,2,21/07/2022,LC-018,ECA,NA,21,6/8/18,400,330,190,34,2,Epox,9,8/20/21,11:53,A,NA,NA,NA,NA,156_TS_Broward_2,156_LC018,B10,22,B10,22,4,4,18,TP2
297_LC018,LC018,297,Some,3,27/07/2022,LC-018,ECA,NA,21,6/8/18,400,330,190,34,2,Epox,9,3/17/22,12:14,A,Angle,LS,S,21,297_TS_ECA_3,297_LC018,E1,49,E1,49,16,8,19,TP3
123_LC024,LC024,123,Some,1,28/06/2022,1724,ECA,Middle,22,9/11/18,300,210,160,31,1,Amox,1,6/17/21,12:21,A,Flat,MS,N,22,123,123_LC024,E1,49,C11,35,21,8,Undetermined,TP1
156_LC024,LC024,156,Some,2,21/07/2022,LC-024,ECA,NA,22,9/11/18,300,210,160,31,1,Amox,1,8/20/21,11:10,A,NA,NA,NA,NA,156_TS_Broward_2,156_LC024,B11,23,B11,23,11,4,18,TP2
292_LC024,LC024,292,Some,3,27/07/2022,LC-024,ECA,NA,22,9/11/18,300,210,160,31,1,Amox,1,3/17/22,11:15,A,Angle,MS,N,22,NA,292_LC024,D11,47,D11,47,12,8,19,TP3
78_LC041,LC041,78,Low,1,21/07/2022,1741,ECA,North,18,6/25/18,250,230,130,34,4,Both,4,5/28/21,10:56,A,Angle ,MS,S,17,78,78_LC041,B2,14,F9,69,18,8,26,TP1
176_LC041,LC041,176,Low,2,21/07/2022,LC-041,ECA,NA,18,6/25/18,250,230,130,34,4,Both,4,8/19/21,10:29,A,NA,NA,NA,NA,176_TS_Broward_2,176_LC041,D5,41,D5,41,7,4,18,TP2
337_LC041,LC041,337,Low,3,27/07/2022,LC-041,ECA,NA,18,6/25/18,250,230,130,34,4,Both,4,3/19/22,9:49,A,Angle,MS,S,17,NA,337_LC041,G9,81,G9,81,13,8,Undetermined,TP3
83_LC042,LC042,83,High,1,21/07/2022,1742,ECA,North,18,9/12/18,190,145,75,31,0,NA,0,5/28/21,11:06,A,Angle ,MS,SE,18,83,83_LC042,B5,17,G2,74,14,8,26,TP1
176_LC042,LC042,176,High,2,21/07/2022,LC-042,ECA,NA,18,9/12/18,190,145,75,31,0,NA,0,8/19/21,10:38,A,NA,NA,NA,NA,176_TS_Broward_2,176_LC042,D6,42,D6,42,7,4,18,TP2
327_LC042,LC042,327,High,3,27/07/2022,LC-042,ECA,NA,18,9/12/18,190,145,75,31,0,NA,0,3/19/22,9:58,A,Angle,MS,SE,18,NA,327_LC042,G2,74,G2,74,23,8,14,TP3
88_LC043,LC043,88,High,1,21/07/2022,1743,ECA,North,18,9/12/18,290,210,85,31,0,NA,0,5/28/21,11:14,A,Angle ,US,N,18,88,88_LC043,B10,22,A5,5,21,8,28,TP1
176_LC043,LC043,176,High,2,21/07/2022,LC-043,ECA,NA,18,9/12/18,290,210,85,31,0,NA,0,8/19/21,10:47,A,NA,NA,NA,NA,176_TS_Broward_2,176_LC043,D7,43,D7,43,7,4,18,TP2
332_LC043,LC043,332,High,3,27/07/2022,LC-043,ECA,NA,18,9/12/18,290,210,85,31,0,NA,0,3/19/22,10:09,A,Angle,US,N,18,NA,332_LC043,G5,77,G5,77,22,8,20,TP3
88_LC045,LC045,88,High,1,21/07/2022,1745,ECA,North,18,7/15/19,205,165,55,21,0,NA,0,5/28/21,11:24,A,Angle ,US,E,18,88,88_LC045,B11,23,G1,73,21,8,25,TP1
168_LC045,LC045,168,High,2,21/07/2022,LC-045,ECA,NA,18,7/15/19,205,165,55,21,0,NA,0,8/19/21,10:56,A,NA,NA,NA,NA,168_TS_Broward_2,168_LC045,C10,34,C10,34,5,4,19,TP2
332_LC045,LC045,332,High,3,27/07/2022,LC-045,ECA,NA,18,7/15/19,205,165,55,21,0,NA,0,3/19/22,10:23,A,Angle,US,E,18,NA,332_LC045,G8,80,G8,80,20,8,18,TP3
93_LC048,LC048,93,Some,1,21/07/2022,1748,ECA,North,18,9/12/18,240,205,75,31,2,Both,3,5/28/21,11:33,A,Angle ,US,S,17,93,93_LC048,C1,25,F5,65,25,8,26,TP1
164_LC048,LC048,164,Some,2,21/07/2022,LC-048,ECA,NA,18,9/12/18,240,205,75,31,2,Both,3,8/19/21,11:03,A,NA,NA,NA,NA,164_TS_Broward_2,164_LC048,C6,30,C6,30,8,4,19,TP2
342_LC048,LC048,342,Some,3,27/07/2022,LC-048,ECA,NA,18,9/12/18,240,205,75,31,2,Both,3,3/19/22,10:42,A,Angle,US,S,17,NA,342_LC048,H4,88,H4,88,24,8,Undetermined,TP3
83_LC049,LC049,83,Some,1,21/07/2022,1749,ECA,North,18,9/13/18,340,215,100,31,2,Both,2,5/28/21,11:54,A,Angle ,T,NW,15,83,83_LC049,B6,18,B4,16,14,8,26,TP1
172_LC049,LC049,172,Some,2,21/07/2022,LC-049,ECA,NA,18,9/13/18,340,215,100,31,2,Both,2,8/19/21,11:26,A,NA,NA,NA,NA,172_TS_Broward_2,172_LC049,D2,38,D2,38,9,4,18,TP2
332_LC049,LC049,332,Some,3,27/07/2022,LC-049,ECA,NA,18,9/13/18,340,215,100,31,2,Both,2,3/19/22,11:15,A,Angle,T,NW,15,NA,332_LC049,G6,78,G6,78,17,8,18,TP3
93_LC052,LC052,93,Low,1,21/07/2022,1752,ECA,North,18,6/25/18,350,275,255,34,4,Both,6,5/28/21,12:14,A,Flat,US,NW,15,93,93_LC052,C2,26,D3,39,18,8,27,TP1
176_LC052,LC052,176,Low,2,21/07/2022,LC-052,ECA,NA,18,6/25/18,350,275,255,34,4,Both,6,8/19/21,12:12,A,NA,NA,NA,NA,176_TS_Broward_2,176_LC052,D8,44,D8,44,9,4,18,TP2
347_LC052,LC052,347,Low,3,27/07/2022,LC-052,ECA,NA,18,6/25/18,350,275,255,34,4,Both,6,3/19/22,11:47,A,Flat,US,NW,15,NA,347_LC052,H6,90,H6,90,15,8,19,TP3
83_LC053,LC053,83,Low,1,21/07/2022,1753,ECA,North,18,9/12/18,220,220,70,31,3,Both,3,5/28/21,12:03,A,Angle ,MS,N,15,83,83_LC053,B7,19,A8,8,16,8,26,TP1
172_LC053,LC053,172,Low,2,21/07/2022,LC-053,ECA,NA,18,9/12/18,220,220,70,31,3,Both,3,8/19/21,12:01,A,NA,NA,NA,NA,172_TS_Broward_2,172_LC053,D3,39,D3,39,4,4,18,TP2
342_LC053,LC053,342,Low,3,27/07/2022,LC-053,ECA,NA,18,9/12/18,220,220,70,31,3,Both,3,3/19/22,11:32,A,Angle,MS,N,15,NA,342_LC053,H2,86,H2,86,12,8,19,TP3
93_LC055,LC055,93,High,1,21/07/2022,1655,ECA,North,15,7/15/19,190,190,90,21,0,NA,0,5/28/21,13:05,A,Angle ,US,S,16,93,93_LC055,C3,27,B9,21,17,8,25,TP1
168_LC055,LC055,168,High,2,21/07/2022,LC-055,ECA,NA,15,7/15/19,190,190,90,21,0,NA,0,8/19/21,12:41,A,NA,NA,NA,NA,168_TS_Broward_2,168_LC055,C11,35,C11,35,15,4,19,TP2
342_LC055,LC055,342,High,3,27/07/2022,LC-055,ECA,NA,15,7/15/19,190,190,90,21,0,NA,0,3/19/22,12:39,A,Angle,US,S,16,NA,342_LC055,H3,87,H3,87,26,8,18,TP3
78_LC056,LC056,78,High,1,21/07/2022,1656,ECA,North,17,9/18/19,240,170,95,19,0,NA,0,5/28/21,13:22,A,Angle ,US,N,15,78,78_LC056,B3,15,G6,78,15,8,26,TP1
172_LC056,LC056,172,High,2,21/07/2022,LC-056,ECA,NA,17,9/18/19,240,170,95,19,0,NA,0,8/19/21,12:56,A,NA,NA,NA,NA,172_TS_Broward_2,172_LC056,D4,40,D4,40,5,4,17,TP2
337_LC056,LC056,337,High,3,27/07/2022,LC-056,ECA,NA,17,9/18/19,240,170,95,19,0,NA,0,3/19/22,12:55,A,Angle,US,N,15,NA,337_LC056,G11,83,G11,83,19,8,19,TP3
123_LC058,LC058,123,Some,1,28/06/2022,2558,ECA,Middle,26,9/11/18,230,230,90,31,2,Both,3,6/17/21,16:12,A,Flat,US,N,23,123,123_LC058,E2,50,E1,49,16,8,24,TP1
156_LC058,LC058,156,Some,2,21/07/2022,LC-058,ECA,NA,26,9/11/18,230,230,90,31,2,Both,3,8/20/21,14:52,A,NA,NA,NA,NA,156_TS_Broward_2,156_LC058,B12,24,B12,24,7,4,21,TP2
327_LC058,LC058,327,Some,3,27/07/2022,LC-058,ECA,NA,26,9/11/18,230,230,90,31,2,Both,3,3/17/22,14:31,A,Flat,US,N,23,NA,327_LC058,G4,76,G4,76,25,8,18,TP3
108_LC062,LC062,108,Some,1,21/07/2022,1922,ECA,South,20,9/18/18,310,300,160,31,1,Epox,1,6/21/21,13:42,A,Vertical,MS,E,17,108,108_LC062,D2,38,C8,32,20,8,26,TP1
140_LC062,LC062,140,Some,2,21/07/2022,LC-062,ECA,NA,20,9/18/18,310,300,160,31,1,Epox,1,8/21/21,11:48,A,NA,NA,NA,NA,140_TS_Broward_2,140_LC062,A5,5,A5,5,11,4,18,TP2
312_LC062,LC062,312,Some,3,27/07/2022,LC-062,ECA,NA,20,9/18/18,310,300,160,31,1,Epox,1,3/18/22,13:20,A,Vertical,US,E,17,NA,312_LC062,F3,63,F3,63,30,8,19,TP3
103_LC064,LC064,103,High,1,21/07/2022,2964,ECA,South,20,7/22/19,250,210,150,21,0,NA,0,6/21/21,14:09,A,Vertical,LS,E,18,103,103_LC064,C9,33,B3,15,15,8,27,TP1
136_LC064,LC064,136,High,2,21/07/2022,LC-064,ECA,NA,20,7/22/19,250,210,150,21,0,NA,0,8/21/21,12:05,A,NA,NA,NA,NA,136_TS_Broward_2,136_LC064,A1,1,A1,1,4,4,18,TP2
312_LC064,LC064,312,High,3,27/07/2022,LC-064,ECA,NA,20,7/22/19,250,210,150,21,0,NA,0,3/18/22,13:44,A,Vertical,LS,E,18,NA,312_LC064,F2,62,F2,62,30,8,15,TP3
113_LC077,LC077,113,Low,1,21/07/2022,1777,ECA,South,20,6/7/18,215,210,160,34,13,Both,36,6/21/21,12:41,A,Angle ,MS,NE,17,113,113_LC077,D7,43,A11,11,15,8,Undetermined,TP1
140_LC077,LC077,140,Low,2,21/07/2022,LC-077,ECA,NA,20,6/7/18,215,210,160,34,13,Both,36,8/21/21,11:16,A,NA,NA,NA,NA,140_TS_Broward_2,140_LC077,A6,6,A6,6,7,4,19,TP2
307_LC077,LC077,307,Low,3,27/07/2022,LC-077,ECA,NA,20,6/7/18,215,210,160,34,13,Both,36,3/18/22,12:18,A,Angle,MS,NE,17,NA,307_LC077,E11,59,E11,59,30,8,15,TP3
78_LC078,LC078,78,Some,1,21/07/2022,1778,ECA,North,18,9/12/18,215,180,80,31,1,Epox,3,5/28/21,11:42,A,Flat,MS,W,16,78,78_LC078,B4,16,F8,68,19,8,26,TP1
180_LC078,LC078,180,Some,2,21/07/2022,LC-078,ECA,NA,18,9/12/18,215,180,80,31,1,Epox,3,8/19/21,11:12,A,NA,NA,NA,NA,180_TS_Broward_2,180_LC078,H5,89,H5,89,6,4,19,TP2
332_LC078,LC078,332,Some,3,27/07/2022,LC-078,ECA,NA,18,9/12/18,215,180,80,31,1,Epox,3,3/19/22,10:34,A,Angle,MS,W,16,NA,332_LC078,G7,79,G7,79,14,8,18,TP3
98_LC079,LC079,98,High,1,21/07/2022,2579,ECA,South,21,9/10/18,320,310,130,31,0,NA,0,6/21/21,12:08,A,Vertical,B,N,21,98,98_LC079,C5,29,F6,66,12,8,27,TP1
136_LC079,LC079,136,High,2,21/07/2022,LC-079,ECA,NA,21,9/10/18,320,310,130,31,0,NA,0,8/21/21,10:51,A,NA,NA,NA,NA,136_TS_Broward_2,136_LC079,A2,2,A2,2,7,4,19,TP2
317_LC079,LC079,317,High,3,27/07/2022,LC-079,ECA,NA,21,9/10/18,320,310,130,31,0,NA,0,3/18/22,11:31,A,Vertical,B,N,21,NA,317_LC079,F8,68,F8,68,16,8,19,TP3
98_LC085,LC085,98,Low,1,21/07/2022,2085,ECA,South,20,6/7/18,350,250,180,33,7,Epox,11,6/21/21,11:41,A,Vertical,MS,N,18,98,98_LC085,C6,30,F12,72,15,8,Undetermined,TP1
148_LC085,LC085,148,Low,2,21/07/2022,LC-085,ECA,NA,20,6/7/18,350,250,180,33,7,Epox,11,8/21/21,10:28,A,NA,NA,NA,NA,148_TS_Broward_2,148_LC085,B1,13,B1,13,7,4,18,TP2
317_LC085,LC085,317,Low,3,27/07/2022,LC-085,ECA,NA,20,6/7/18,350,250,180,33,7,Epox,11,3/18/22,10:58,A,Vertical,MS,N,18,NA,317_LC085,F5,65,F5,65,12,8,20,TP3
93_LC088,LC088,93,Some,1,21/07/2022,1688,ECA,South,20,7/22/19,230,200,100,21,1,Amox,1,6/21/21,12:25,A,Angle ,B,NE,17,93,93_LC088,C4,28,G5,77,16,8,25,TP1
144_LC088,LC088,144,Some,2,21/07/2022,LC-088,ECA,NA,20,7/22/19,230,200,100,21,1,Amox,1,8/21/21,11:05,A,NA,NA,NA,NA,144_TS_Broward_2,144_LC088,A9,9,A9,9,10,4,19,TP2
312_LC088,LC088,312,Some,3,27/07/2022,LC-088,ECA,NA,20,7/22/19,230,200,100,21,1,Amox,1,3/18/22,11:54,A,Angle,B,NE,17,NA,312_LC088,F1,61,F1,61,15,8,19,TP3
128_LC101,LC101,128,Low,1,28/06/2022,1801,ECA,South,21,9/18/18,295,240,130,30,5,Both,36,6/21/21,11:21,A,Flat,T,S,17,"128, broken bag",128_LC101,E5,53,E2,50,32,8,26,TP1
136_LC101,LC101,136,Low,2,21/07/2022,LC-101,ECA,NA,21,9/18/18,295,240,130,30,5,Both,36,8/21/21,10:14,A,NA,NA,NA,NA,136_TS_Broward_2,136_LC101,A3,3,A3,3,11,4,19,TP2
322_LC101,LC101,322,Low,3,27/07/2022,LC-101,ECA,NA,21,9/18/18,295,240,130,30,5,Both,36,3/18/22,10:37,A,Flat,T,S,17,NA,322_LC101,F12,72,F12,72,11,8,20,TP3
118_LC110,LC110,118,Low,1,28/06/2022,1810,ECA,South,20,9/10/18,220,170,90,31,3,Epox,13,6/21/21,11:50,A,Flat,T,N,21,118,118_LC110,D10,46,A9,9,22,8,26,TP1
140_LC110,LC110,140,Low,2,21/07/2022,LC-110,ECA,NA,20,9/10/18,220,170,90,31,3,Epox,13,8/21/21,10:36,A,NA,NA,NA,NA,140_TS_Broward_2,140_LC110,A7,7,A7,7,8,4,18,TP2
317_LC110,LC110,317,Low,3,27/07/2022,LC-110,ECA,NA,20,9/10/18,220,170,90,31,3,Epox,13,3/18/22,11:09,A,Flat,T,N,21,NA,317_LC110,F7,67,F7,67,21,8,14,TP3
103_LC114,LC114,103,Some,1,21/07/2022,1814,ECA,South,19,9/10/18,195,180,100,31,1,Amox,1,6/21/21,12:58,A,Flat,T,NE,17,"103, broken bag",103_LC114,C10,34,B7,19,16,8,26,TP1
144_LC114,LC114,144,Some,2,21/07/2022,LC-114,ECA,NA,19,9/10/18,195,180,100,31,1,Amox,1,8/21/21,11:33,A,NA,NA,NA,NA,144_TS_Broward_2,144_LC114,A10,10,A10,10,6,4,20,TP2
307_LC114,LC114,307,Some,3,27/07/2022,LC-114,ECA,NA,19,9/10/18,195,180,100,31,1,Amox,1,3/18/22,12:41,A,Flat,T,NE,17,NA,307_LC114,E10,58,E10,58,13,8,20,TP3
83_LC115,LC115,83,Some,1,21/07/2022,2115,ECA,North,17,9/12/18,200,235,140,30,1,Amox,1,5/28/21,NA,A,Vertical,US,W,15,83,83_LC115,B8,20,A7,7,13,8,26,TP1
164_LC115,LC115,164,Some,2,21/07/2022,LC-115,ECA,NA,17,9/12/18,200,235,140,30,1,Amox,1,8/19/21,9:55,A,NA,NA,NA,NA,164_TS_Broward_2,164_LC115,C7,31,C7,31,4,4,18,TP2
327_LC115,LC115,327,Some,3,27/07/2022,LC-115,ECA,NA,17,9/12/18,200,235,140,30,1,Amox,1,3/19/22,9:07,A,Vertical,US,W,15,NA,327_LC115,G1,73,G1,73,16,8,19,TP3
108_LC122,LC122,108,Low,1,21/07/2022,1822,ECA,Middle,20,5/8/18,320,270,115,35,8,Both,10,6/17/21,14:49,A,Vertical,LS,E,16,108,108_LC122,D3,39,D10,46,14,8,26,TP1
164_LC122,LC122,164,Low,2,21/07/2022,LC-122,ECA,NA,20,5/8/18,320,270,115,35,8,Both,10,8/20/21,13:19,P,NA,NA,NA,NA,164_TS_Broward_2,164_LC122,C8,32,C8,32,7,4,19,TP2
322_LC122,LC122,322,Low,3,27/07/2022,LC-122,ECA,NA,20,5/8/18,320,270,115,35,8,Both,10,3/17/22,13:18,A,Vertical,LS,E,16,NA,322_LC122,F10,70,F10,70,17,8,18,TP3
123_LC123,LC123,123,Low,1,28/06/2022,1923,ECA,Middle,24,4/27/18,335,310,130,36,3,Both,34,6/17/21,13:25,A,Angle ,LS,N,24,123,123_LC123,E3,51,E12,60,33,8,25,TP1
160_LC123,LC123,160,Low,2,21/07/2022,LC-123,ECA,NA,24,4/27/18,335,310,130,36,3,Both,34,8/20/21,11:39,A,NA,NA,NA,NA,160_TS_Broward_2,160_LC123,C2,26,C2,26,13,4,19,TP2
302_LC123,LC123,302,Low,3,27/07/2022,LC-123,ECA,NA,24,4/27/18,335,310,130,36,3,Both,34,3/17/22,11:55,A,Angle,MS,N,24,NA,302_LC123,E8,56,E8,56,20,8,16,TP3
118_LC124,LC124,118,Low,1,28/06/2022,1924,ECA,Middle,23,4/5/18,412,445,170,35,4,Both,4,6/17/21,12:49,A,Vertical,US,N,21,118,118_LC124,D11,47,E3,51,30,8,27,TP1
152_LC124,LC124,152,Low,2,21/07/2022,LC-124,ECA,NA,23,4/5/18,412,445,170,35,4,Both,4,8/20/21,11:25,A,NA,NA,NA,NA,152_TS_Broward_2,152_LC124,B5,17,B5,17,10,4,19,TP2
292_LC124,LC124,292,Low,3,27/07/2022,LC-124,ECA,NA,23,4/5/18,412,445,170,35,4,Both,4,3/17/22,11:37,A,Vertical,US,N,21,NA,292_LC124,D10,46,D10,46,10,8,16,TP3
128_LC125,LC125,128,Some,1,28/06/2022,1825,ECA,Middle,25,4/11/18,440,421,130,31,1,Amox,1,6/17/21,12:00,A,Flat,LS,N,25,128,128_LC125,E6,54,F4,64,12,8,28,TP1
152_LC125,LC125,152,Some,2,21/07/2022,LC-125,ECA,NA,25,4/11/18,440,421,130,31,1,Amox,1,8/20/21,10:54,A,NA,NA,NA,NA,152_TS_Broward_2,152_LC125,B6,18,B6,18,7,4,18,TP2
297_LC125,LC125,297,Some,3,27/07/2022,LC-125,ECA,NA,25,4/11/18,440,421,130,31,1,Amox,1,3/17/22,10:56,A,Flat,LS,N,25,NA,297_LC125,E2,50,E2,50,24,8,19,TP3
118_LC126,LC126,118,Some,1,28/06/2022,2126,ECA,Middle,29,4/2/18,410,405,150,32,1,Amox,1,6/17/21,11:35,A,Flat,T,NE,34,118,118_LC126,D12,48,C10,34,28,8,25,TP1
152_LC126,LC126,152,Some,2,21/07/2022,LC-126,ECA,NA,29,4/2/18,410,405,150,32,1,Amox,1,8/20/21,10:37,A,NA,NA,NA,NA,152_TS_Broward_2,152_LC126,B7,19,B7,19,6,4,17,TP2
302_LC126,LC126,302,Some,3,27/07/2022,LC-126,ECA,NA,29,4/2/18,410,405,150,32,1,Amox,1,3/17/22,10:36,A,Flat,T,TOP CENTER,34,NA,302_LC126,E7,55,E7,55,12,8,19,TP3
128_LC127,LC127,128,High,1,28/06/2022,2127,ECA,Middle,29,4/2/18,450,360,180,32,0,NA,0,6/17/21,11:10,A,Angle ,US,W,27,128,128_LC127,E7,55,A6,6,19,8,26,TP1
152_LC127,LC127,152,High,2,21/07/2022,LC-127,ECA,NA,29,4/2/18,450,360,180,32,0,NA,0,8/20/21,10:26,A,NA,NA,NA,NA,152_TS_Broward_2,152_LC127,B8,20,B8,20,14,4,18,TP2
297_LC127,LC127,297,High,3,27/07/2022,LC-127,ECA,NA,29,4/2/18,450,360,180,32,0,NA,0,3/17/22,10:19,A,Angle,US,W,27,NA,297_LC127,E4,52,E4,52,17,8,17,TP3
128_LC129,LC129,128,Some,1,28/06/2022,2129,ECA,Middle,30,4/4/18,362,329,100,34,1,Epox,1,6/17/21,10:49,A,Angle ,T,W,NA,128,128_LC129,E8,56,B5,17,25,8,26,TP1
148_LC129,LC129,148,Some,2,21/07/2022,LC-129,ECA,NA,30,4/4/18,362,329,100,34,1,Epox,1,8/20/21,10:08,A,NA,NA,NA,NA,148_TS_Broward_2,148_LC129,B2,14,B2,14,8,4,19,TP2
292_LC129,LC129,292,Some,3,27/07/2022,LC-129,ECA,NA,30,4/4/18,362,329,100,34,1,Epox,1,3/17/22,10:01,A,Angle,T,W,NA,292_TS_ECA_3,292_LC129,D9,45,D9,45,16,8,Undetermined,TP3
123_LC157,LC157,123,Low,1,28/06/2022,1557,ECA,Middle,NA,7/16/19,295,285,110,21,12,Both,39,6/17/21,15:15,P,Angle ,MS,N,17,123,123_LC157,E4,52,E6,54,21,8,Undetermined,TP1
160_LC157,LC157,160,Low,2,21/07/2022,LC-157,ECA,NA,NA,7/16/19,295,285,110,21,12,Both,39,8/20/21,13:43,A,NA,NA,NA,NA,160_TS_Broward_2,160_LC157,C3,27,C3,27,12,4,19,TP2
302_LC157,LC157,302,Low,3,27/07/2022,LC-157,ECA,NA,NA,7/16/19,295,285,110,21,12,Both,39,3/17/22,13:32,A,Angle,MS,N,17,302_TS_ECA_3,302_LC157,E5,53,E5,53,32,8,19,TP3
113_MC002,MC002,113,Low,1,21/07/2022,1552,ECA,Middle,22,7/16/19,180,170,100,21,2,Amox,2,6/17/21,16:51,A,Vertical,LS,S,23,113,113_MC002,D8,44,B11,23,18,8,25,TP1
160_MC002,MC002,160,Low,2,21/07/2022,MC-002,ECA,NA,22,7/16/19,180,170,100,21,2,Amox,2,8/20/21,15:30,A,NA,NA,NA,NA,160_TS_Broward_2,160_MC002,C4,28,C4,28,7,4,18,TP2
327_MC002,MC002,327,Low,3,27/07/2022,MC-002,ECA,NA,22,7/16/19,180,170,100,21,2,Amox,2,3/17/22,15:14,A,Angle/Vert,LS,S,23,NA,327_MC002,G3,75,G3,75,25,8,19,TP3
133_MC005,MC005,133,High,1,28/06/2022,2405,ECA,Middle,22,7/17/19,130,160,70,20,0,NA,0,6/17/21,10:25,A,Vertical,MS,W,22,118,133_MC005,E12,60,C3,27,19,8,27,TP1
148_MC005,MC005,148,High,2,21/07/2022,MC-005,ECA,NA,22,7/17/19,130,160,70,20,0,NA,0,8/20/21,9:54,A,NA,NA,NA,NA,148_TS_Broward_2,148_MC005,B3,15,B3,15,11,4,20,TP2
292_MC005,MC005,292,High,3,27/07/2022,MC-005,ECA,NA,22,7/17/19,130,160,70,20,0,NA,0,3/17/22,9:43,A,Vertical,MS,N,22,NA,292_MC005,D12,48,D12,48,6,8,Undetermined,TP3
98_MC011,MC011,98,High,1,21/07/2022,2311,ECA,South,21,7/22/19,250,220,170,21,0,NA,0,6/21/21,14:53,A,Angle ,US,W,17,98,98_MC011,C7,31,B2,14,13,8,26,TP1
136_MC011,MC011,136,High,2,21/07/2022,MC-011,ECA,NA,21,7/22/19,250,220,170,21,0,NA,0,8/21/21,12:00,A,NA,NA,NA,NA,136_TS_Broward_2,136_MC011,A4,4,A4,4,7,4,18,TP2
312_MC011,MC011,312,High,3,27/07/2022,MC-011,ECA,NA,21,7/22/19,250,220,170,21,0,NA,0,3/18/22,13:53,A,Angle,US,E,18,NA,312_MC011,F4,64,F4,64,15,8,19,TP3
98_MC014,MC014,98,High,1,21/07/2022,2314,ECA,South,21,7/25/19,215,220,100,21,0,NA,0,6/21/21,13:56,A,Angle ,US,NE,18,98,98_MC014,C8,32,C4,28,16,8,26,TP1
144_MC014,MC014,144,High,2,21/07/2022,MC-014,ECA,NA,21,7/25/19,215,220,100,21,0,NA,0,8/21/21,11:55,A,NA,NA,NA,NA,144_TS_Broward_2,144_MC014,A11,11,A11,11,7,4,19,TP2
307_MC014,MC014,307,High,3,27/07/2022,MC-014,ECA,NA,21,7/25/19,215,220,100,21,0,NA,0,3/18/22,12:57,A,Angle,US,NE,18,NA,307_MC014,E9,57,E9,57,17,8,17,TP3
108_MC019,MC019,108,High,1,21/07/2022,1819,ECA,South,21,7/19/19,150,180,100,21,0,NA,0,6/21/21,10:50,A,Angle ,US,S,22,108,108_MC019,D4,40,D1,37,17,8,25,TP1
148_MC019,MC019,148,High,2,21/07/2022,MC-019,ECA,NA,21,7/19/19,150,180,100,21,0,NA,0,8/21/21,9:56,A,NA,NA,NA,NA,148_TS_Broward_2,148_MC019,B4,16,B4,16,5,4,18,TP2
322_MC019,MC019,322,High,3,27/07/2022,MC-019,ECA,NA,21,7/19/19,150,180,100,21,0,NA,0,3/18/22,10:11,A,Angle,US,S,22,NA,322_MC019,F11,71,F11,71,17,8,18,TP3
103_MC026,MC026,103,High,1,21/07/2022,2026,ECA,South,26,2/9/21,175,140,90,2,0,NA,0,6/21/21,14:20,A,Vertical,MS,NW,18,103,103_MC026,C11,35,E4,52,20,8,27,TP1
144_MC026,MC026,144,High,2,21/07/2022,MC-026,ECA,NA,26,2/9/21,175,140,90,2,0,NA,0,8/21/21,12:11,A,NA,NA,NA,NA,144_TS_Broward_2,144_MC026,A12,12,A12,12,8,4,20,TP2
317_MC026,MC026,317,High,3,27/07/2022,MC-026,ECA,NA,26,2/9/21,175,140,90,2,0,NA,0,3/18/22,13:33,A,Vertical,MS,NW,18,NA,317_MC026,F6,66,F6,66,15,8,19,TP3
103_MC027,MC027,103,High,1,21/07/2022,2027,ECA,South,24,2/9/21,200,150,85,2,0,NA,0,6/21/21,14:37,A,Vertical,MS,W,18,103,103_MC027,C12,36,D9,45,22,8,26,TP1
140_MC027,MC027,140,High,2,21/07/2022,MC-027,ECA,NA,24,2/9/21,200,150,85,2,0,NA,0,8/21/21,12:14,A,NA,NA,NA,NA,140_TS_Broward_2,140_MC027,A8,8,A8,8,7,4,19,TP2
307_MC027,MC027,307,High,3,27/07/2022,MC-027,ECA,NA,24,2/9/21,200,150,85,2,0,NA,0,3/18/22,13:20,A,Vertical,MS,W,18,NA,307_MC027,E12,60,E12,60,14,8,15,TP3
88_MC032,MC032,88,High,1,21/07/2022,2032,ECA,North,22,2/8/21,170,160,55,2,0,NA,0,5/28/21,12:52,A,Flat,T,Top,17,88,88_MC032,B12,24,G4,76,16,8,27,TP1
168_MC032,MC032,168,High,2,21/07/2022,MC-032,ECA,NA,22,2/8/21,170,160,55,2,0,NA,0,8/19/21,12:25,A,NA,NA,NA,NA,168_TS_Broward_2,168_MC032,C12,36,C12,36,7,4,20,TP2
337_MC032,MC032,337,High,3,27/07/2022,MC-032,ECA,NA,22,2/8/21,170,160,55,2,0,NA,0,3/19/22,10:57,A,Angle,T,N,17,NA,337_MC032,G12,84,G12,84,28,8,21,TP3
38_N46,N46,38,High,1,15/07/2022,N-46,Sand,NA,24,6/13/21,75,55,57,1,NA,NA,0,6/13/21,14:21,A,Vertical,US,SW,23,38,38_N46,G4,76,C12,36,24,8,Undetermined,TP1
184_N46,N46,184,High,2,20/07/2022,N-46,Sand,NA,NA,6/13/21,NA,75,57,1,NA,NA,0,9/14/21,10:34,A,NA,NA,NA,NA,184_TS_Keys_2,184_N46,D10,46,D10,46,11,4,19,TP2
232_N46,N46,232,High,3,18/07/2022,N-46,Sand,NA,NA,6/13/21,NA,75,57,1,NA,NA,0,2/28/22,10:21,A,Vertical,US,SW,23,NA,232_N46,A4,4,A4,4,23,8,17,TP3
13_N48,N48,13,High,1,15/07/2022,N-48,Looe,NA,22,6/12/21,95,95,103,1,NA,NA,0,6/12/21,17:17,A,Angle ,TS,NW,21,13,13_N48,F6,66,F2,62,22,8,26,TP1
212_N48,N48,212,High,2,20/07/2022,N-48,Looe,NA,22,6/12/21,95,95,103,1,NA,NA,0,9/15/21,10:24,A,NA,NA,NA,NA,212_TS_Keys_2,212_N48,G2,74,G2,74,9,4,19,TP2
262_N48,N48,262,High,3,21/07/2022,N-48,Looe,NA,22,6/12/21,95,95,103,1,NA,NA,0,3/1/22,10:18,A,Flat,T,NW,21,NA,262_N48,C2,26,C2,26,10,8,14,TP3
53_N49,N49,53,High,1,21/07/2022,N-49,Sand,NA,24,6/13/21,63,50,52,1,NA,NA,0,6/13/21,11:51,A,Angle ,T,SW,25,53,53_N49,E10,58,B1,13,9,8,25,TP1
192_N49,N49,192,High,2,20/07/2022,N-49,Sand,NA,NA,6/13/21,NA,63,52,1,NA,NA,0,9/14/21,14:14,A,NA,NA,NA,NA,192_TS_Keys_2,192_N49,E7,55,E7,55,4,4,18,TP2
237_N49,N49,237,High,3,18/07/2022,N-49,Sand,NA,NA,6/13/21,NA,63,52,1,NA,NA,0,2/28/22,11:00,A,Vertical,US,SW,25,NA,237_N49,A7,7,A7,7,32,8,19,TP3
23_N50,N50,23,High,1,15/07/2022,N-50,Looe,NA,19,6/12/21,110,78,103,1,NA,NA,0,6/12/21,17:27,A,Flat,T,NE,17,23,23_N50,F9,69,A2,2,15,8,25,TP1
216_N50,N50,216,High,2,21/07/2022,N-50,Looe,NA,19,6/12/21,110,78,103,1,NA,NA,0,9/15/21,10:34,A,NA,NA,NA,NA,216_TS_Keys_2,216_N50,G7,79,G7,79,7,4,17,TP2
262_N50,N50,262,High,3,18/07/2022,N-50,Looe,NA,19,6/12/21,110,78,103,1,NA,NA,0,3/1/22,10:56,A,Flat,T,NE,17,NA,262_N50,C1,25,C1,25,25,8,19,TP3
58_N52,N52,58,High,1,21/06/2022,N-52,Looe,NA,15,6/12/21,92,72,73,1,NA,NA,0,6/12/21,17:39,A,Angle ,TS,E,15,58,58_N52,NA,NA,NA,NA,NA,NA,NA,NA
208_N52,N52,208,High,2,20/07/2022,N-52,Looe,NA,15,6/12/21,92,72,73,1,NA,NA,0,9/15/21,10:56,A,NA,NA,NA,NA,208_TS_Keys_2,208_N52,F10,70,F10,70,7,4,19,TP2
262_N52,N52,262,High,3,18/07/2022,N-52,Looe,NA,15,6/12/21,92,72,73,1,NA,NA,0,3/1/22,11:17,A,Angle ,TS,E,15,NA,262_N52,C4,28,C4,28,19,8,18,TP3
73_N53,N53,73,High,1,21/06/2022,N-53,Looe,NA,24,6/12/21,50,45,66,1,NA,NA,0,6/12/21,17:06,A,Flat,T,S,24,73,73_N53,NA,NA,NA,NA,NA,NA,NA,NA
224_N53,N53,224,High,2,20/07/2022,N-53,Looe,NA,24,6/12/21,50,45,66,1,NA,NA,0,9/15/21,13:56,A,NA,NA,NA,NA,224_TS_Keys_2,224_N53,H2,86,H2,86,9,4,19,TP2
277_N53,N53,277,High,3,18/07/2022,N-53,Looe,NA,24,6/12/21,50,45,66,1,NA,NA,0,3/1/22,14:34,A,Flat,T,S,24,NA,277_N53,D1,37,D1,37,17,8,17,TP3
68_N54,N54,68,High,1,21/06/2022,N-54,Looe,NA,15,6/12/21,178,142,147,1,NA,NA,0,6/12/21,NA,A,Vertical,US,SW,15,68,68_N54,NA,NA,NA,NA,NA,NA,NA,NA
208_N54,N54,208,High,2,20/07/2022,N-54,Looe,NA,15,6/12/21,178,142,147,1,NA,NA,0,9/15/21,11:40,A,NA,NA,NA,NA,208_TS_Keys_2,208_N54,F11,71,F11,71,6,4,18,TP2
267_N54,N54,267,High,3,18/07/2022,N-54,Looe,NA,15,6/12/21,178,142,147,1,NA,NA,0,3/1/22,12:27,A,Vertical,US,SW,15,NA,267_N54,C8,32,C8,32,26,8,17,TP3
63_N56,N56,63,High,1,21/06/2022,N-56,Looe,NA,14,6/12/21,175,182,168,1,NA,NA,0,6/12/21,16:45,A,Angle ,US,N,12,63,63_N56,NA,NA,NA,NA,NA,NA,NA,NA
208_N56,N56,208,High,2,20/07/2022,N-56,Looe,NA,14,6/12/21,175,182,168,1,NA,NA,0,9/15/21,11:25,A,NA,NA,NA,NA,208_TS_Keys_2,208_N56,F12,72,F12,72,4,4,21,TP2
272_N56,N56,272,High,3,18/07/2022,N-56,Looe,NA,14,6/12/21,175,182,168,1,NA,NA,0,3/1/22,12:21,A,Angle ,US,N,12,NA,272_N56,C11,35,C11,35,22,8,17,TP3
68_N58,N58,68,High,1,21/06/2022,N-58,Looe,NA,16,6/12/21,102,98,103,1,NA,NA,0,6/12/21,16:35,A,Vertical,US,NE,15,68,68_N58,NA,NA,NA,NA,NA,NA,NA,NA
216_N58,N58,216,High,2,21/07/2022,N-58,Looe,NA,16,6/12/21,102,98,103,1,NA,NA,0,9/15/21,12:13,A,NA,NA,NA,NA,216_TS_Keys_2,216_N58,G8,80,G8,80,8,4,17,TP2
272_N58,N58,272,High,3,18/07/2022,N-58,Looe,NA,16,6/12/21,102,98,103,1,NA,NA,0,3/1/22,12:48,P,Vertical,US,N,15,NA,272_N58,C10,34,C10,34,18,8,21,TP3
13_N59,N59,13,High,1,15/07/2022,N-59,Looe,NA,24,6/12/21,127,124,128,1,NA,NA,0,6/12/21,16:57,A,Flat,T,SW,21,13,13_N59,F4,64,D7,43,22,8,25,TP1
200_N59,N59,200,High,2,21/07/2022,N-59,Looe,NA,24,6/12/21,127,124,128,1,NA,NA,0,9/15/21,12:46,A,NA,NA,NA,NA,200_TS_Keys_2,200_N59,F1,61,F1,61,9,4,17,TP2
282_N59,N59,282,High,3,18/07/2022,N-59,Looe,NA,24,6/12/21,127,124,128,1,NA,NA,0,3/1/22,13:32,A,Flat,T,SW,21,NA,282_N59,D6,42,D6,42,33,8,17,TP3
18_N60,N60,18,High,1,18/07/2022,N-60,Sand,NA,25,6/13/21,211,168,138,1,NA,NA,0,6/13/21,12:11,A,Angle ,MS,W,24,18,18_N60,A4,4,G3,75,14,8,26,TP1
188_N60,N60,188,High,2,20/07/2022,N-60,Sand,NA,NA,6/13/21,NA,211,138,1,NA,NA,0,9/14/21,12:41,A,NA,NA,NA,NA,188_TS_Keys_2,188_N60,E2,50,E2,50,5,4,18,TP2
232_N60,N60,232,High,3,18/07/2022,N-60,Sand,NA,NA,6/13/21,NA,211,138,1,NA,NA,0,2/28/22,12:05,A,Vertical,MS,W,24,NA,232_N60,A2,2,A2,2,20,8,19,TP3
28_N67,N67,28,High,1,15/07/2022,N-67,Sand,NA,26,6/13/21,52,48,49,1,NA,NA,0,6/13/21,12:20,A,Angle ,US,S,26,28,28_N67,F10,70,A3,3,26,8,28,TP1
196_N67,N67,196,High,2,21/07/2022,N-67,Sand,NA,NA,6/13/21,NA,52,49,1,NA,NA,0,9/14/21,12:49,A,NA,NA,NA,NA,196_TS_Keys_2,196_N67,E10,58,E10,58,10,4,18,TP2
237_N67,N67,237,High,3,18/07/2022,N-67,Sand,NA,NA,6/13/21,NA,52,49,1,NA,NA,0,2/28/22,11:55,A,Vertical,MS,S,26,NA,237_N67,A8,8,A8,8,26,8,18,TP3
38_N70,N70,38,High,1,15/07/2022,N-70,Sand,NA,24,6/13/21,75,48,69,1,NA,NA,0,6/13/21,13:34,A,Angle ,US,SW,23,38,38_N70,G5,77,C6,30,16,8,27,TP1
188_N70,N70,188,High,2,20/07/2022,N-70,Sand,NA,NA,6/13/21,NA,75,69,1,NA,NA,0,9/14/21,10:53,A,NA,NA,NA,NA,188_TS_Keys_2,188_N70,E3,51,E3,51,7,4,18,TP2
242_N70,N70,242,High,3,18/07/2022,N-70,Sand,NA,NA,6/13/21,NA,75,69,1,NA,NA,0,2/28/22,12:23,A,Angle ,US,SW,23,NA,242_N70,A9,9,A9,9,28,8,19,TP3
8_N72,N72,8,High,1,15/07/2022,N-72,Sand,NA,22,6/13/21,64,62,48,1,NA,NA,0,6/13/21,13:50,A,Flat,T,SE,21,8,8_N72,F1,61,D4,40,28,8,28,TP1
184_N72,N72,184,High,2,20/07/2022,N-72,Sand,NA,NA,6/13/21,NA,64,48,1,NA,NA,0,9/14/21,11:08,A,NA,NA,NA,NA,184_TS_Keys_2,184_N72,D11,47,D11,47,11,4,18,TP2
242_N72,N72,242,High,3,18/07/2022,N-72,Sand,NA,NA,6/13/21,NA,64,48,1,NA,NA,0,2/28/22,12:37,A,Flat,T,NW,21,NA,242_N72,A10,10,A10,10,25,8,15,TP3
43_N73,N73,43,High,1,21/07/2022,N-73,Sand,NA,29,6/13/21,88,56,71,1,NA,NA,0,6/13/21,12:49,A,Angle,US,W,29,43,43_N73,A7,7,C1,25,18,8,25,TP1
200_N73,N73,200,High,2,21/07/2022,N-73,Sand,NA,NA,6/13/21,NA,88,71,1,NA,NA,0,9/14/21,13:20,A,NA,NA,NA,NA,200_TS_Keys_2,200_N73,F2,62,F2,62,7,4,19,TP2
257_N73,N73,257,High,3,18/07/2022,N-73,Sand,NA,NA,6/13/21,NA,88,71,1,NA,NA,0,2/28/22,13:06,A,Vertical,MS,W,29,NA,257_N73,B10,22,B10,22,18,8,21,TP3